{
    "accuracy": 0.8008364339711788,
    "loss": 0.3990440368652344
}