{
    "accuracy": 0.8008364339711788,
    "loss": 0.39904404431581497
}