{
    "accuracy": 0.8489610823134526,
    "loss": 0.34487507273169127
}