{
    "accuracy": 0.8815631163111912,
    "loss": 0.29168465389655185
}